{
  "seats": [
    {
      "seat_id": 7,
      "roi": [
        0.5546875,
        0.23958333333333334,
        0.9375,
        0.8125
      ]
    }
  ]
}